{"cameraMode":{"drawMode":0,"name":"Shaded","section":"Shading Mode"},"sceneLighting":true,"audioPlay":false,"sceneViewState":{"showFog":true,"showMaterialUpdate":false,"showSkybox":true,"showFlares":true,"showImageEffects":true,"showParticleSystems":true},"in2DMode":false,"pivot":{"x":198.17576599121095,"y":6.432986736297607,"z":236.96348571777345},"rotation":{"x":-0.043744198977947238,"y":0.048531919717788699,"z":-0.002126772655174136,"w":-0.9978691935539246},"size":2.6467673778533937,"orthographic":false}