{"cameraMode":{"drawMode":0,"name":"Shaded","section":"Shading Mode"},"sceneLighting":true,"audioPlay":false,"sceneViewState":{"showFog":true,"showMaterialUpdate":false,"showSkybox":true,"showFlares":true,"showImageEffects":true,"showParticleSystems":true},"in2DMode":false,"pivot":{"x":195.07713317871095,"y":4.973489761352539,"z":232.3470458984375},"rotation":{"x":0.0389566496014595,"y":-0.959031879901886,"z":0.22741414606571198,"w":0.16475167870521546},"size":1.721351981163025,"orthographic":false}