{"cameraMode":{"drawMode":0,"name":"Shaded","section":"Shading Mode"},"sceneLighting":true,"audioPlay":false,"sceneViewState":{"showFog":true,"showMaterialUpdate":false,"showSkybox":true,"showFlares":true,"showImageEffects":true,"showParticleSystems":true},"in2DMode":false,"pivot":{"x":195.20199584960938,"y":4.633999824523926,"z":233.04031372070313},"rotation":{"x":-0.13098137080669404,"y":0.8051332831382752,"z":-0.193465456366539,"w":-0.5451695919036865},"size":2.5419118404388429,"orthographic":false}