{"cameraMode":{"drawMode":0,"name":"Shaded","section":"Shading Mode"},"sceneLighting":false,"audioPlay":false,"sceneViewState":{"showFog":true,"showMaterialUpdate":false,"showSkybox":false,"showFlares":true,"showImageEffects":true,"showParticleSystems":true},"in2DMode":false,"pivot":{"x":-0.09628725051879883,"y":0.379645437002182,"z":-0.017827212810516359},"rotation":{"x":0.010031169280409813,"y":-0.968690812587738,"z":0.24509118497371674,"w":0.03985169529914856},"size":0.7550324201583862,"orthographic":false}