{"cameraMode":{"drawMode":0,"name":"Shaded","section":"Shading Mode"},"sceneLighting":true,"audioPlay":false,"sceneViewState":{"showFog":true,"showMaterialUpdate":false,"showSkybox":true,"showFlares":true,"showImageEffects":true,"showParticleSystems":true},"in2DMode":false,"pivot":{"x":148.44569396972657,"y":14.992504119873047,"z":185.63706970214845},"rotation":{"x":0.17022894322872163,"y":-0.2598094344139099,"z":0.046283166855573657,"w":0.9495593905448914},"size":1.524744987487793,"orthographic":false}